<?xml version="1.0" encoding="UTF-8" ?>
<!DOCTYPE mapper PUBLIC "-//mybatis.org//DTD Mapper 3.0//EN"
"http://mybatis.org/dtd/mybatis-3-mapper.dtd">
<mapper namespace="buyerns">

	<select id="list" resultType="buyer">
		select	* 
		from 	BUYER 
		order 	by addDate desc
	</select>
	<insert id="insert" parameterType="buyer">
		insert 	into BUYER
		values (#{buyerCd},
				#{bname},
				#{companyNo, jdbcType=VARCHAR},
				#{ceo, jdbcType=VARCHAR},
				#{address},
				#{manager},
				#{tel},
				#{email},
				sysdate,
				'n',
				#{remark, jdbcType=VARCHAR},
				null
				)
	</insert>
	<update id="delete" parameterType="String">
		update 	BUYER 
		set 	del='y', 
				statedate = sysdate 
		where 	buyerCd=#{buyerCd}	
	</update>
	<update id="update" parameterType="buyer" > <!-- 테이블에서 바로 수정가능하게 기능 -->
		update 	BUYER 
		set 	bname = #{bname},
				manager = #{manager},
				tel = #{tel},
				email = #{email},
				address = #{address},
				del ='n', 
				statedate = sysdate
		where  BUYERCD=#{buyerCd}
	</update>
	<select id="search" parameterType="buyer" resultType="buyer">
		select	*
		from	(select a.*,
						rowNum rn
				from	(select 	* 
						from 	BUYER
						<where>
							<if test="buyerCd != null and buyerCd != 'All'">
								(BUYERCD like '%' || #{buyerCd} || '%'
								or bname like '%' || #{buyerCd} || '%')
							</if>
							<if test="companyNo != null and companyNo != 'All'">
								and companyNo like '%' || #{companyNo} || '%'
							</if>
							<if test="ceo != null and ceo != ''">
								and ceo like '%' || #{ceo} || '%'
							</if>
							<if test="manager != null and manager != ''">
								and manager like '%' || #{manager} || '%'
							</if>
							<if test="tel != null and tel != ''">
								and tel like '%' || #{tel} || '%'
							</if>
							<if test="email != null and email != ''">
								and email like '%' || #{email} || '%'
							</if>
							<if test="address != null and address != ''">
								and address like '%' || #{address} || '%'
							</if>
							<if test="del != 'All'">
								and del = #{del}
							</if>
						</where>
						order by
							<if test="sortBuyerCd == 1">
								BUYERCD desc
							</if>
							<if test="sortBuyerCd == 2">
								BUYERCD asc
							</if>		
							<if test="sortBname == 1">
								bname desc
							</if>
							<if test="sortBname == 2">
								bname asc
							</if>
							<if test="sortCompanyNo == 1">
								companyNo desc
							</if>
							<if test="sortCompanyNo == 2">
								companyNo asc
							</if>
							<if test="sortCeo == 1">
								ceo desc
							</if>
							<if test="sortCeo == 2">
								ceo asc
							</if>		
							<if test="sortManager == 1">
								manager desc
							</if>
							<if test="sortManager == 2">
								manager asc
							</if>		
							<if test="sortTel == 1">
								tel desc
							</if>
							<if test="sortTel == 2">
								tel asc
							</if>		
							<if test="sortEmail == 1">
								email desc
							</if>
							<if test="sortEmail == 2">
								email asc
							</if>		
							<if test="sortAddress == 1">
								address desc
							</if>
							<if test="sortAddress == 2">
								address asc
							</if>	
							<if test="sortAdddate == 1">
								addDate desc
							</if>
							<if test="sortAdddate == 2">
								addDate asc
							</if>		
							<if test="sortStateDate == 1">
								statedate desc
							</if>
							<if test="sortStateDate == 2">
								statedate asc
							</if>
						) a
				)
		where	rn between #{startRow} and #{endRow}		
	</select>
	
	<select id="ndlist" resultType="buyer">
		select  * 
		from  BUYER 
		where  del='n' 
		order by addDate desc
	</select>
	
	<select id="getTotal" parameterType="buyer" resultType="integer">
		select 	count(*) 
		from 	BUYER
		<where>
			<if test="buyerCd != null and buyerCd != ''">
				buyerCd like '%' || #{buyerCd} || '%'
			</if>
			<if test="bname != null and bname != ''">
				and bname like '%' || #{bname} || '%'
			</if>
			<if test="manager != null and manager != 'null'">
				and manager like '%' || #{manager} || '%'
			</if>
			<if test="tel != null and tel != 'null'">
				and tel like '%' || #{tel} || '%'
			</if>
			<if test="email != null and email != 'null'">
				and email like '%' || #{email} || '%'
			</if>
			<if test="address != null and address != 'null'">
				and address like '%' || #{address} || '%'
			</if>
			<if test="del != 'All'">
				and del = #{del}
			</if>
		</where>
	</select>


	<select id="dlist" resultType="buyer">
		select	* 
		from 	BUYER 
		where del='y'
		order by addDate desc 
	</select>
	<select id="select" parameterType="String" resultType="buyer">
		select 	* 
		from 	BUYER 
		where 	BUYERCD = #{buyerCd}
	</select>
	<update id="buyerRestore" parameterType="String">
		update	BUYER
		set		del = 'n',
				statedate = sysdate
		where	BUYERCD = #{buyerCd}
	</update>
	<select id="listForExcel" parameterType="buyer" resultType="buyer">
		select	*
		from	BUYER
		where	BUYERCD = #{buyerCd}
	</select>
	<!-- LPAD(들어갈 값, 총자릿수(3자리), 나머지는 0으로 채운다) -->
<!-- 	BUYERCD에 autoCompleteCd 값을 포함하고 있으면(앞뒤로 어떤값이 들어가도 조회되게) -->
	<select id="selectCode" parameterType="String" resultType="String"> 
		select 	LPAD(count(*)+1,3,0) 
		from 	BUYER 
		where 	BUYERCD 
		like 	'%' || #{autoCompleteCd} || '%'
	</select>
	
	
</mapper>