<?xml version="1.0" encoding="UTF-8"?>
<!DOCTYPE tiles-definitions PUBLIC
 "-//Apache Software Foundation//DTD Tiles Configuration 3.0//EN"
 "http://tiles.apache.org/dtds/tiles-config_3_0.dtd">
<tiles-definitions>

	<definition name="tilesbase" template="/WEB-INF/views/layout.jsp">
		<put-attribute name="title" value="Distribution" />
		<put-attribute name="header" value="/WEB-INF/views/header.jsp" />
		<put-attribute name="menu" value="/WEB-INF/views/menu.jsp" />
		<put-attribute name="body" value="" />
		<put-attribute name="footer" value="/WEB-INF/views/footer.jsp" />
	</definition>
	
	<!-- 타일즈 적용하지 않음 -->
	<definition name="nolay" template="/WEB-INF/views/nolayout.jsp">
		<put-attribute name="header" value="" />
		<put-attribute name="menu" value="" />
		<put-attribute name="footer" value="" />
	</definition>
	
	<!-- nolay폴더 안에 {1}에 jsp이름 -->
	<definition name="nolay/*" extends="nolay">
		<put-attribute name="body" value="/WEB-INF/views/nolay/{1}.jsp" />
	</definition>
		
	
	<definition name="/*" extends="tilesbase">
		<put-attribute name="body" 	value="/WEB-INF/views/{1}.jsp" />
	</definition>
	
	<!-- {1}폴더 안에 {2}에 jsp이름 -->
	<definition name="*/*" extends="tilesbase">
		<put-attribute name="body" value="/WEB-INF/views/{1}/{2}.jsp" />
	</definition>
</tiles-definitions>