<?xml version="1.0" encoding="UTF-8" ?>
<!DOCTYPE mapper PUBLIC "-//mybatis.org//DTD Mapper 3.0//EN"
"http://mybatis.org/dtd/mybatis-3-mapper.dtd">
<mapper namespace="employeens">

	<select id="list" resultType="employee">
		select	* from EMPLOYEE
	</select>
	
	<insert id="insert" parameterType="employee">
		insert into EMPLOYEE
		values		(#{employeeCd},
					#{ename},
					#{password},
					#{department},
					#{job},
					#{tel},
					#{authority},
					sysdate,
					'N',
					null,
					sysdate
					)
	</insert>
	
	<select id="search" parameterType="employee" resultType="employee">
		select	*
		from	(select a.*,
						rowNum rn
				from	(select	*
						from	EMPLOYEE
						<where>
							<if test="employeeCd != null and employeeCd != ''">
								and EMPLOYEECD like '%' || #{employeeCd} || '%'
							</if>
							<if test="ename != null and ename != ''">
								and ENAME like '%' || #{ename} || '%'
							</if>
							<if test="addFromDate != null or addToDate != null">
								<if test="addFromDate == null">
									and ADDDATE between '0001-01-01' and #{addToDate}
								</if>
								<if test="addToDate == null">
									and ADDDATE between #{addFromDate} and '9999-12-31'
								</if>
								<if test="addFromDate != null and addToDate != null">
									and ADDDATE between #{addFromDate} and #{addToDate}
								</if>
							</if>
							<if test="tel != null and tel != 'null'">
								and TEL like '%' || #{tel} || '%'
							</if>
							<if test="job != null and job != 'null'">
								and JOB like '%' || #{job} || '%'
							</if>
							<if test="department != null and department != 'null'">
								and DEPARTMENT like '%' || #{department} || '%'
							</if>
							<if test="authority != null and authority != 'null'">
								and AUTHORITY like '%' || #{authority} || '%'
							</if>
							<if test="del != 'All'">
								and del = #{del}
							</if>
						</where>
						order by 
							<if test="sortEmployeeCd == 1">
								EMPLOYEECD desc
							</if>
							<if test="sortEmployeeCd == 2">
								EMPLOYEECD asc
							</if>
							<if test="sortEname == 1">
								ENAME desc
							</if>
							<if test="sortEname == 2">
								ENAME asc
							</if>
							<if test="sortJob == 1">
								JOB desc
							</if>
							<if test="sortJob == 2">
								JOB asc
							</if>
							<if test="sortDepartment == 1">
								DEPARTMENT desc
							</if>
							<if test="sortDepartment == 2">
								DEPARTMENT asc
							</if>
							<if test="sortTel == 1">
								TEL desc
							</if>
							<if test="sortTel == 2">
								TEL asc
							</if>
							<if test="sortAdddate == 1">
								ADDDATE desc
							</if>
							<if test="sortAdddate == 2">
								ADDDATE asc
							</if>
							<if test="sortAuthority == 1">
								AUTHORITY desc
							</if>
							<if test="sortAuthority == 2">
								AUTHORITY asc
							</if>
						) a
				)
		where	rn between #{startRow} and #{endRow}
	</select>
	
	<update id="update" parameterType="employee">
		update	EMPLOYEE
		set		ENAME = #{ename},
				TEL = #{tel},
				JOB = #{job},
				DEPARTMENT = #{department},
				PASSWORD = #{password},
				AUTHORITY = #{authority},
				STATEDATE = sysdate
		where	EMPLOYEECD = #{employeeCd}
	</update>
	
	<select id="select" parameterType="string" resultType="employee">
		select * from EMPLOYEE where EMPLOYEECD = #{employeeCd, jdbcType=VARCHAR}
	</select>
	
	<select id="getTotal" parameterType="employee" resultType="integer">
		select	count(*)
		from	EMPLOYEE
		<where>
			<if test="employeeCd != null and employeeCd != ''">
				and EMPLOYEECD like '%' || #{employeeCd} || '%'
			</if>
			<if test="ename != null and ename != ''">
				and ENAME like '%' || #{ename} || '%'
			</if>
			<if test="addFromDate != null or addToDate != null">
				<if test="addFromDate == null">
					and ADDDATE between '0001-01-01' and #{addToDate}
				</if>
				<if test="addToDate == null">
					and ADDDATE between #{addFromDate} and '9999-12-31'
				</if>
				<if test="addFromDate != null and addToDate != null">
					and ADDDATE between #{addFromDate} and #{addToDate}
				</if>
			</if>
			<if test="tel != null and tel != 'null'">
				and TEL like '%' || #{tel} || '%'
			</if>
			<if test="job != null and job != 'null'">
				and JOB like '%' || #{job} || '%'
			</if>
			<if test="department != null and department != 'null'">
				and DEPARTMENT like '%' || #{department} || '%'
			</if>
			<if test="authority != null and authority != 'null'">
				and AUTHORITY like '%' || #{authority} || '%'
			</if>
			<if test="del != 'All'">
				and del = #{del}
			</if>
		</where>
		order by adddate desc
	</select>
	
	<update id="employeeDelete" parameterType="String">
		update	EMPLOYEE
		set		del = 'Y',
				statedate = sysdate
		where	EMPLOYEECD = #{employeeCd}
	</update>
	
	<update id="employeeRestore" parameterType="String">
		update	EMPLOYEE
		set		del = 'N',
				statedate = sysdate
		where	EMPLOYEECD = #{employeeCd}
	</update>
	
	<select id="getSALCount" parameterType="String" resultType="integer">
		select	count(*) + 1
		from	EMPLOYEE
		where	DEPARTMENT = #{department}
	</select>
	
	<select id="listForExcel" parameterType="employee" resultType="employee">
		select	*
		from	EMPLOYEE
		where	EMPLOYEECD = #{employeeCd}
	</select>
</mapper>