<?xml version="1.0" encoding="UTF-8"?>
<!DOCTYPE mapper PUBLIC "-//mybatis.org//DTD Mapper 3.0//EN"
"http://mybatis.org/dtd/mybatis-3-mapper.dtd">
<mapper namespace="buyerns">
	<resultMap type="buyer" id="buyerResult">
		<result property="buyercd" column="buyercd"/>
		<result property="buyercd" column="buyercd"/>
		<result property="buyercd" column="buyercd"/>
		<result property="buyercd" column="buyercd"/>
		<result property="buyercd" column="buyercd"/>
		<result property="buyercd" column="buyercd"/>
		<result property="buyercd" column="buyercd"/>
		<result property="buyercd" column="buyercd"/>
		<result property="buyercd" column="buyercd"/>
		<result property="buyercd" column="buyercd"/>
		<result property="buyercd" column="buyercd"/>
		<result property="buyercd" column="buyercd"/>
	</resultMap>
</mapper>